,Company Number,Formation,Surface northing,Bottom hole northing,Surface easting,Bottom hole easting,Number of frac stages,Total slurry (bbl),Total proppant (lb),Lateral length (ft),Lateral azimuth (),IP oil (bbl),IP GOR,Cumulative oil (bbl),Cumulative days,IP oil API gravity ()
0,26,Turner,1.101721,1.10182975,1.051392,1.0512271,,,,3831,75,96,0,784,185,
1,9,Turner,1.09199925,1.09227825,1.0566802,1.0567225,,,125124,3533,339,,,116902,1590,
2,8,Turner,1.08833225,1.08802325,1.0543121,1.0542739,12,,1992847,3754,163,472,7.5,157218,3024,52.2
3,8,Turner,1.08831725,1.0880185,1.0546218,1.0545589,13,36638,1992421,4000,152,183,11,109167,2832,
4,8,Turner,1.088386,1.08867,1.054247,1.0543352,13,,2027081,4072,322,232,9.1,79701,2634,
5,8,Turner,1.0887735,1.089037,1.0542421,1.0543016,12,34490,2166923,3203,331,183,9.9,98814,2589,
6,8,Turner,1.0876555,1.08792525,1.0543721,1.0543948,11,33108,1857325,3381,348,132,11.3,114670,2754,50.6
7,8,Turner,1.08763025,1.08792675,1.0546474,1.0547098,15,27470,1403780,3330,332,234,6.7,145320,2304,
8,8,Turner,1.089047,1.089393,1.0542414,1.054317,17,33151,1669927,3929,331,177,12.3,91058,2236,
9,8,Turner,1.08830075,1.088648,1.0546163,1.0547052,12,29463,1675897,3683,327,140,15.6,87611,2638,
10,8,Turner,1.088722,1.0884045,1.0546452,1.054537,11,,1686079,3363,140,101,15.3,58245,2533,
11,8,Turner,1.08795075,1.087659,1.0546164,1.0545537,16,,3329066,3646,152,270,6.5,124933,2246,
12,23,Turner,1.0945275,1.09422375,1.0541211,1.0540552,15,21457,1674934,4115,152,208,1,97272,2669,38.7
13,8,Turner,1.087992,1.088299,1.054382,1.0544081,12,29362,1605390,3798,348,187,10.5,124463,2529,
14,9,Turner,1.09343525,1.093748,1.0570447,1.056973,13,,3169411,4214,30,312,0.5,410346,2395,
15,9,Turner,1.08911475,1.0894025,1.0544564,1.0545063,13,,2434997,3863,337,85,25.1,51929,2231,
16,23,Turner,1.093846,1.09412775,1.0539421,1.0540023,14,,2098100,3810,332,320,1.1,103782,2620,38.2
17,23,Turner,1.09384625,1.09348675,1.0539345,1.0538523,14,,2342177,3684,150,476,1.2,141212,2440,39
18,9,Turner,1.09305425,1.093384,1.0567437,1.0566735,13,,2692953,4470,28,134,0.3,336956,2360,
19,8,Turner,1.0890365,1.08878575,1.0547798,1.0547342,11,25115,1415599,3469,156,135,16.8,65317,2399,
20,8,Turner,1.08762425,1.08792425,1.0548945,1.0549313,11,25798,1994773,3763,343,184,9,164345,1948,
21,8,Turner,1.0883265,1.0880115,1.0547572,1.0548146,26,59743,3633879,4559,204,237,7.3,106395,1502,
22,8,Turner,1.08762475,1.08729225,1.0547715,1.0547341,17,,2223248,3851,164,181,8.6,177189,2202,
23,8,Turner,1.08831,1.08802425,1.0546866,1.054656,15,29205,1472986,3367,165,198,8.7,119050,2335,
24,8,Turner,1.0875825,1.087278,1.0546903,1.0546625,18,47693,2439071,3975,167,52,61.1,74168,1626,
25,8,Turner,1.08866925,1.08901775,1.0551113,1.0551313,16,26482,1527751,3580,352,240,7.7,164027,2091,
26,23,Turner,1.094187,1.09385325,1.0541021,1.0540535,14,,2302832,3304,160,203,1.4,146391,2478,38.2
27,23,Turner,1.094517,1.0948555,1.0539393,1.054,14,,2342177,3642,336,0,,120780,2502,
28,9,Turner,1.09125875,1.0915565,1.0558222,1.055756,13,,1807999,3951,29,640,1.3,270007,1976,
29,8,Turner,1.08829825,1.08801625,1.0552129,1.0551679,16,22269,1604991,3546,158,6,250,200242,2061,
30,23,Turner,1.093048,1.0927675,1.0545174,1.0544541,14,,2379782,3507,151,93,2.3,107218,2390,38.7
31,23,Turner,1.0930525,1.0927695,1.0544184,1.0543521,14,37107,1987080,3865,150,362,1,105266,2205,39
32,23,Turner,1.09306625,1.093117,1.0544184,1.0546095,14,43945,2305380,4355,276,343,1,98778,2201,35.1
33,5,Turner,1.09192575,1.09163775,1.0565284,1.0564716,16,43311,3188943,3495,154,508,1.3,192733,1973,43
34,8,Turner,1.08866925,1.0883995,1.0551104,1.0550575,16,29824,1487056,3358,154,212,8.2,208859,2147,
35,8,Turner,1.08832125,1.088022,1.0549731,1.0549341,12,27568,3171633,3716,162,199,8.7,177871,1963,
36,8,Turner,1.08836325,1.08863725,1.0554929,1.0555352,10,49395,2640700,3418,339,230,7.2,154722,1634,
37,8,Turner,1.08765,1.08729425,1.0544876,1.0544779,16,,1620287,3740,176,315,5.5,170478,2260,
38,9,Turner,1.0919295,1.0916135,1.0559735,1.0560156,13,,2041871,3945,198,546,1.1,276913,2335,
39,23,Turner,1.09520925,1.095105,1.0556241,1.0552494,14,,2331755,3595,96,0,,5092,1011,
40,23,Turner,1.0956055,1.095315,1.0540138,1.0539515,14,,2327840,3462,152,181,3.3,211814,2405,35.8
41,1,Turner,1.08798325,1.0879075,1.0542905,1.0540643,12,24083,2990307,3734,98,93,14.9,44559,1847,
42,8,Turner,1.08834575,1.08763425,1.055376,1.0554193,55,138346,4025080,9547,189,242,8.1,421823,1354,
43,8,Turner,1.08871875,1.089024,1.0548909,1.054934,18,21853,1639635,3978,341,165,9.4,74293,2017,
44,8,Turner,1.088722,1.08903325,1.0545488,1.0546037,18,19015,1414602,4026,336,60,24.2,79947,2086,
45,23,Turner,1.09451775,1.09420625,1.0539112,1.0539004,14,,1204819,3774,175,0,,87258,2304,
46,9,Turner,1.0934375,1.09375175,1.0569444,1.0568727,13,,1810911,4186,30,631,0.5,304300,2143,
47,7,Turner,1.09452175,1.09422,1.054663,1.0546503,15,,1746284,3202,174,339,0.8,159002,2281,
48,8,Turner,1.08947225,1.0894915,1.0544909,1.054359,11,27902,1008420,2308,87,76,19.6,22258,1723,
49,23,Turner,1.094566,1.09485925,1.0542378,1.0543022,15,,1314711,3990,331,17,2.6,127364,2350,36.4
50,23,Turner,1.094188,1.094494,1.0542354,1.0543007,10,,2778060,3588,332,326,0.2,152141,2147,37.8
51,9,Turner,1.09378175,1.09411425,1.0570425,1.0569697,13,,1789068,4352,29,467,0.5,252449,1872,36.8
52,9,Turner,1.09412925,1.09380675,1.0571639,1.0572359,13,,1985912,4176,209,213,0.5,198719,1916,35.5
53,1,Turner,1.0883255,1.088028,1.0539653,1.0539393,17,,1656000,3583,168,148,11.1,89295,2251,53
54,9,Turner,1.09271675,1.092358,1.0565587,1.0566361,13,30396,1994812,4413,208,897,0.8,246849,1449,39.6
55,23,Turner,1.09516675,1.0951915,1.0550446,1.0548416,10,,2499080,4287,87,30,1.2,14257,1781,35.1
56,5,Turner,1.091237,1.09155,1.0566563,1.0566917,17,44187,3266032,3755,344,1901,0.8,234261,1698,38.6
57,5,Turner,1.090852,1.090561,1.0555421,1.0555629,16,,3153629,3421,190,712,2.1,308054,1926,32.6
58,5,Turner,1.0916065,1.09191925,1.0562552,1.0562912,16,46750,3150810,3720,344,549,0.7,241573,1738,
59,5,Turner,1.090872,1.090943,1.0560363,1.0558616,15,38225,3029292,3903,81,1332,1.1,335372,1648,46
60,5,Turner,1.0911995,1.0908875,1.0566361,1.0566026,17,44889,3401420,3519,165,1358,1.7,266574,1537,42
61,9,Turner,1.0930285,1.09271875,1.05657,1.0566339,13,,1758969,3972,207,796,0.7,267259,1960,38.9
62,9,Turner,1.094125,1.0938045,1.0572643,1.057337,13,,1806998,4216,210,232,0.5,143596,1853,35.5
63,9,Turner,1.0934445,1.09374625,1.0571433,1.0570723,13,,1691561,3895,30,533,0.5,299629,1957,36.7
64,8,Turner,1.0890895,1.089406,1.0548578,1.0548635,16,16499,1526694,3927,357,159,11.4,71517,1969,
65,9,Turner,1.09339425,1.093078,1.0569745,1.0570292,13,30050,2016401,4136,203,592,0.4,297670,1469,36.6
66,9,Turner,1.09339425,1.09307875,1.0568761,1.056939,13,,2036448,4117,206,554,0.5,344906,2025,36.8
67,9,Turner,1.0934355,1.09374275,1.0573453,1.057276,13,,1748340,4048,29,216,0.4,183653,1624,
68,9,Turner,1.0923435,1.09265425,1.0567386,1.0566752,13,31308,1995154,3929,27,993,0.6,216535,1447,39.6
69,7,Wall Creek,1.0893995,1.08970925,1.0599911,1.0600037,19,62405,3311084,3651,354,1042,0.8,158159,2026,40
70,1,Turner,1.088394,1.0884005,1.0542469,1.0540585,18,59264,3310015,3968,89,80,11,26377,1882,
71,1,Turner,1.0883925,1.08801575,1.0542469,1.0540598,17,48069,2314935,5699,129,67,0.1,37596,1903,
72,7,Turner,1.09451475,1.094204,1.055128,1.0551032,20,4110,2533850,3750,169,83,1.4,24168,1005,40
73,7,Turner,1.09448825,1.09418275,1.0566481,1.0566698,15,,3123893,4020,190,672,0.4,173169,1701,37.8
74,7,Turner,1.09417525,1.09385725,1.0547778,1.0547488,17,51151,3390332,4004,167,504,1.1,144985,1910,36.1
75,9,Turner,1.093398,1.09307425,1.0572742,1.0573278,13,,1955223,4185,202,512,0.5,235822,1639,37.6
76,9,Turner,1.090544,1.09086,1.055325,1.0552584,13,31688,1932053,4210,28,415,2.5,97039,1323,47.6
77,1,Turner,1.088769,1.08878325,1.0542395,1.0540509,17,36340,1606184,3719,88,123,13.7,58930,1946,
78,9,Turner,1.09265325,1.09234875,1.0571732,1.05724,12,29062,1385368,4132,209,496,0.4,122905,1473,40
79,9,Turner,1.09302875,1.092719,1.0567737,1.0568373,13,,1893777,4008,207,625,0.5,263200,1427,38.5
80,9,Turner,1.09302825,1.09271225,1.0560548,1.0561359,,,2004240,4133,213,302,0.6,153418,1593,38.4
81,22,Turner,1.0923115,1.092642,1.0574228,1.0574251,14,58324,3935120,3816,359,1264,0.6,167965,1524,42
82,22,Wall Creek,1.090496,1.090818,1.058088,1.0581271,14,58839,3920000,4158,343,1956,1.8,277520,1533,
83,22,Wall Creek,1.090513,1.09081925,1.0574306,1.0574277,14,,3928880,3873,1,2607,1.6,297188,1753,47
84,22,Wall Creek,1.0912425,1.0915365,1.057449,1.0574271,14,57497,3689169,3658,11,407,0.9,85635,1601,41
85,5,Turner,1.0910565,1.09112375,1.056435,1.0562722,17,44572,3378943,3718,81,1445,0.7,278798,1623,42
86,7,Turner,1.09380475,1.09347625,1.0546049,1.0546028,15,36512,3185024,4184,179,447,0.9,86466,1884,36
87,8,Turner,1.08901825,1.088361,1.0555706,1.0555621,40,186075,15232117,9474,178,1144,3.8,464402,698,51.7
88,8,Turner,1.0890185,1.0893905,1.0555724,1.0555686,19,60567,4521539,4367,1,1392,5.1,123132,757,51.5
89,8,Turner,1.08902075,1.0893915,1.0554985,1.0554596,18,67501,5169190,4348,15,600,4.2,173590,664,54
90,7,Turner,1.0945225,1.094211,1.0549812,1.0550029,17,50418,3768440,4182,190,138,0.7,50739,1316,35.3
91,7,Turner,1.094152,1.093817,1.056647,1.0566239,10,34475,3703000,3815,170,43,0.6,181220,1831,36.5
92,9,Turner,1.09378525,1.09411775,1.0569435,1.0568687,13,,2008107,4293,29,468,0.5,186118,1543,38.2
93,9,Turner,1.0912495,1.09156275,1.0557221,1.055655,13,,1975737,3970,28,662,1.3,168725,1729,42.1
94,5,Turner,1.09193725,1.0916335,1.056702,1.0567316,17,43043,3387498,3521,194,1229,0.5,204656,1491,39.7
95,2,Wall Creek,1.09045125,1.0901585,1.0575275,1.0575312,18,114364,6862458,4297,182,642,3.3,28688,255,45.3
96,7,Wall Creek,1.0893695,1.08905325,1.0599444,1.0599503,15,,4378757,3975,183,60,2.3,62949,1664,40
97,9,Turner,1.09231325,1.0919865,1.0561581,1.056226,13,26521,1674866,4304,207,878,0.9,253802,1874,41.7
98,8,Turner,1.08902075,1.0883615,1.0554976,1.0554646,35,169769,13236380,8800,173,1150,5.9,190539,317,51.5
99,8,Turner,1.08902075,1.089397,1.0554994,1.0555098,18,59598,4289660,4397,356,552,1.6,115179,686,53.7
100,8,Turner,1.0890185,1.08938125,1.0555733,1.0556188,18,62928,5151646,4292,343,715,4.5,144027,718,51.7
101,5,Turner,1.09125625,1.09131075,1.0564325,1.056261,17,42523,3412063,3456,83,1170,0.4,189239,1383,42.2
102,7,Wall Creek,1.089372,1.0897245,1.0599433,1.0598964,14,,3936100,4050,18,279,2.1,90308,1714,41
103,7,Wall Creek,1.089028,1.08869225,1.0598648,1.0598008,14,,6016190,4375,155,55,0.4,123354,1514,38
104,7,Wall Creek,1.08902875,1.08935525,1.059863,1.0597997,10,,4079775,3592,26,346,0.6,60597,1722,38
105,7,Turner,1.09306475,1.092737,1.0551875,1.0551589,11,38073,3563459,3856,168,53,1.1,122650,1834,
106,9,Turner,1.0933975,1.093082,1.0567751,1.0568396,13,,1759862,4091,207,320,0.5,263943,1688,37.6
107,28,Turner,1.09196025,1.092285,1.0560904,1.056121,20,48560,3748854,4203,347,762,0.8,189302,1069,42
108,7,Turner,1.09380275,1.093475,1.0544869,1.0544895,15,54563,3549256,4099,181,432,1.1,144653,1892,37
109,5,Turner,1.0912665,1.09155125,1.05656,1.0565679,13,32412,2562512,2450,356,1077,0.7,137164,1717,38.6
110,18,Turner,1.094884,1.09456725,1.0532255,1.0533008,19,,3135752,4566,211,34,0.8,85555,1392,36
111,7,Turner,1.09375925,1.09412175,1.0566545,1.0567323,13,41495,4021363,4618,332,47,0.8,203407,1766,37.5
112,28,Turner,1.0919605,1.09228,1.0559906,1.056016,19,45355,3554400,4135,349,844,0.8,198824,1176,41
113,7,Turner,1.09343175,1.09374925,1.05609,1.0560609,10,44622,4388700,3365,13,89,0.5,132043,1580,39
114,5,Turner,1.091566,1.09126525,1.0568756,1.0568969,17,40826,3194429,3082,190,1001,0.6,187606,1563,38
115,7,Turner,1.09452775,1.09421275,1.0548538,1.0548534,,,8497015,3925,180,77,0.4,146801,1171,39
116,5,Turner,1.0915985,1.091901,1.0568984,1.0568799,17,46248,3398694,3065,9,1567,0.5,234460,1567,41.4
117,7,Turner,1.094892,1.094545,1.056923,1.0569217,12,77894,3359080,4126,179,9,0,17233,769,37.5
118,7,Turner,1.09450525,1.09418575,1.056774,1.0567746,11,44494,4154450,3792,180,25,0,117222,1638,38
119,7,Turner,1.09452425,1.094839,1.0568384,1.0568229,10,,3925317,3860,7,57,0,16200,741,39
120,7,Turner,1.0941475,1.093816,1.0568397,1.0567785,11,,3574088,4342,155,27,0,217764,1682,
121,8,Turner,1.08942625,1.08974075,1.0558157,1.0557444,20,71563,5746523,4669,30,874,4.2,132394,723,47.8
122,9,Turner,1.09340025,1.09307925,1.0565058,1.0565443,13,,1966265,3916,197,458,0.6,214930,1696,39.1
123,8,Turner,1.08942775,1.0897415,1.0556599,1.0556657,17,68865,4877340,4031,357,562,4.2,131536,728,54
124,9,Turner,1.0916075,1.09127775,1.0554976,1.0555133,13,32103,1977313,4179,187,299,1.6,60097,1424,43
125,8,Turner,1.091242,1.0909275,1.0552864,1.0552593,18,92725,5033645,4168,168,426,2.4,98027,1477,
126,9,Turner,1.09156675,1.09126175,1.0558576,1.0559222,13,,1975491,3954,208,855,1.3,247844,1783,43.4
127,23,Turner,1.094176,1.09347625,1.0536634,1.0536594,32,85100,6179060,9375,179,441,0,109492,1553,32.9
128,23,Turner,1.0941665,1.0948585,1.053658,1.0536641,30,77154,5364584,8871,359,292,0.9,130067,1224,36.6
129,9,Turner,1.0949025,1.094564,1.0550398,1.0551197,13,,1934496,4223,211,97,0.9,15758,498,34.8
130,7,Turner,1.09270425,1.092382,1.0550578,1.0550578,12,41031,4507633,4033,180,127,1.6,78463,1293,39
131,9,Turner,1.09159775,1.091927,1.0557155,1.0556545,13,27996,1977893,4320,25,529,1.1,151559,1564,42.2
132,5,Turner,1.091542,1.09127725,1.0560624,1.0560841,17,40398,3397136,2928,192,1358,1,222265,1112,42.3
133,22,Turner,1.091242,1.091509,1.0571727,1.0571724,14,57931,3935680,3028,0,2256,0.9,182732,1385,
134,22,Wall Creek,1.090511,1.0908205,1.0575626,1.0575797,14,56004,3934120,3360,352,1559,2.2,143888,1307,47.7
135,9,Turner,1.09414075,1.0944805,1.05724,1.0571704,13,,2030140,4410,27,48,0.9,15642,467,36.2
136,7,Turner,1.09342975,1.0931125,1.0551858,1.0551599,11,,4397491,3874,168,118,0.4,64318,1035,39
137,7,Turner,1.0930825,1.0934235,1.0550797,1.055064,12,,4683293,4261,7,155,0.7,76589,1363,39
138,7,Turner,1.0930825,1.09274325,1.0550778,1.0550525,11,,4318540,4152,169,187,1.5,127706,1427,39
139,9,Turner,1.09269525,1.09300725,1.0560289,1.0559578,13,,2012636,4188,30,266,0.5,99691,1551,40.6
140,9,Turner,1.09339,1.09308025,1.0560542,1.0561361,13,48395,2032585,4307,213,211,0.8,94399,1357,39.2
141,7,Wall Creek,1.088664,1.08932275,1.0600063,1.0600593,6,,11940247,8723,349,412,1.2,247488,1657,39
142,9,Turner,1.0919445,1.09161725,1.0560517,1.056122,13,28367,1945033,4481,208,788,1,239929,1530,41.9
143,22,Wall Creek,1.08978625,1.09008975,1.0579018,1.0578885,14,55341,3958080,3717,6,2644,3.6,504728,1255,
144,22,Turner,1.08949125,1.08976775,1.0539591,1.0540065,28,70345,4004240,3822,337,341,22.6,51176,497,
145,22,Turner,1.08981625,1.09013175,1.0550638,1.055062,14,56570,3933600,3911,1,1342,2.8,175283,1222,
146,22,Wall Creek,1.09088575,1.09117975,1.0575072,1.057531,14,57014,3938719,3781,349,1092,0.7,69467,1412,
147,22,Turner,1.09197175,1.092285,1.0562598,1.056272,14,58324,3929974,3338,354,1197,0.8,256005,1542,42
148,22,Turner,1.09197175,1.092283,1.0563581,1.0563704,14,57043,3972528,3584,354,2005,0.6,367970,1513,
149,18,Turner,1.09564,1.09531875,1.0537242,1.0537836,17,,3340020,4143,205,578,0.7,226875,1688,36.7
150,22,Turner,1.09199725,1.09228575,1.0555473,1.0556132,14,58494,3933316,4236,330,238,2.4,50282,971,
151,9,Turner,1.093024,1.09270825,1.0572704,1.0573391,13,31688,1932053,4175,209,655,0.4,208802,1403,39.6
152,18,Turner,1.09488725,1.0952365,1.0532255,1.0531374,18,,3592870,4566,32,0,,124944,1376,36
153,1,Turner,1.087588,1.08730325,1.0544414,1.0540793,49,159907,6305640,9660,107,218,6.8,162218,1620,
154,7,Turner,1.09127975,1.0915765,1.0550615,1.0551354,17,35606,3062500,3923,328,473,2.9,45914,1258,40.2
155,22,Turner,1.08982125,1.09013325,1.0540439,1.054055,14,57895,3937894,4417,355,755,18.9,97329,1545,49.9
156,22,Turner,1.09093375,1.09124125,1.054449,1.0544505,14,57957,3920000,3751,359,88,39.6,8041,1397,
157,8,Turner,1.08904025,1.089765,1.0542414,1.0542081,54,123411,3945100,9322,7,99,16.1,113661,1499,
158,22,Wall Creek,1.09015525,1.0904525,1.0574394,1.057431,28,62765,4004020,3792,4,1776,1.5,204199,957,
159,5,Turner,1.09014225,1.09045,1.055885,1.055867,17,47275,3486945,3126,8,2629,0.6,399709,1582,44.7
160,9,Wall Creek,1.08976025,1.08943125,1.0574676,1.0575389,14,,3692758,4482,208,723,3.2,164849,1225,46.6
161,22,Wall Creek,1.09083925,1.09052575,1.0572806,1.0572748,14,55029,3935174,3431,177,628,1.4,85320,1385,
162,9,Turner,1.09193575,1.092284,1.0565542,1.0564684,13,,3614243,4493,32,1196,0.8,296155,1325,40.6
163,22,Turner,1.09086825,1.091184,1.0570671,1.0570796,28,64445,3999340,3886,354,849,1.5,85391,1007,41.6
164,22,Turner,1.09118575,1.09088675,1.0568865,1.056876,28,64905,4004940,3954,175,1650,1.3,158233,1029,
165,9,Turner,1.090543,1.0908585,1.0554276,1.0553478,13,,1992993,4363,32,722,1.7,114255,1214,45.3
166,7,Turner,1.094504,1.09418,1.0565839,1.0565749,12,,4473680,3961,176,19,0,128641,1350,39
167,7,Turner,1.09378975,1.09411675,1.0565273,1.0565244,11,,4715100,3991,1,95,2,216929,1479,39
168,9,Turner,1.09416325,1.09380925,1.0570595,1.057143,13,32136,1935384,4558,211,169,0.4,145694,1440,36.6
169,9,Turner,1.09304325,1.09271325,1.0568704,1.0569392,13,,1993335,4485,208,720,0.5,271151,1459,37.4
170,8,Turner,1.08942625,1.0897395,1.0558166,1.0558192,18,63658,5168171,4205,359,827,4.2,116689,731,47.8
171,21,Wall Creek,1.08828,1.0875775,1.0600111,1.0600277,30,107256,6004440,9535,183,1215,0.9,170393,956,39.5
172,9,Turner,1.093399,1.09307525,1.0563627,1.0564335,13,,1989936,4420,209,433,0.6,155605,1209,38.2
173,9,Turner,1.09305675,1.093386,1.0566432,1.0565752,12,,1897511,4212,27,364,0.5,131298,1351,37.4
174,7,Turner,1.092327,1.091645,1.0551841,1.0551604,24,,10306620,8924,175,673,0.9,116426,1042,39
175,7,Turner,1.09236125,1.0926765,1.0552815,1.0552697,11,,4348227,3892,5,448,0.8,48713,1160,39
176,7,Turner,1.09235575,1.0926725,1.0553848,1.0553607,11,,4624488,3970,11,,,60302,1299,
177,7,Turner,1.09235725,1.092674,1.0551909,1.0551591,12,,4676020,3795,14,117,1,78315,1453,39
178,7,Turner,1.09342875,1.09271825,1.0553854,1.0553585,24,,10401120,9502,175,622,0.9,167712,1122,39
179,9,Turner,1.09231925,1.092647,1.0561317,1.0560609,13,,2011560,4261,28,432,0.7,183271,1493,39.2
180,7,Turner,1.09419375,1.09385375,1.0546816,1.054651,12,,4959940,4222,167,663,0.4,262145,1539,39
181,7,Turner,1.0934475,1.092723,1.0552947,1.0552594,40,,10360280,9565,173,205,1.6,146542,1168,39
182,8,Turner,1.08947125,1.0901385,1.0545559,1.0546126,47,172706,8649700,9529,348,91,15.2,112637,1236,53.2
183,9,Turner,1.09305,1.093383,1.0571355,1.0570758,13,,1960308,4403,24,755,0.6,285427,1290,36.5
184,9,Turner,1.09233,1.0926445,1.056029,1.0559611,13,,1982817,3972,28,285,0.8,112001,1312,39.8
185,9,Turner,1.09270425,1.0923455,1.056967,1.0570366,13,,2009898,4464,206,604,0.5,182223,1455,39.9
186,9,Turner,1.0915905,1.0912675,1.0555937,1.0556187,13,30818,1972873,3977,191,332,1.1,90677,1425,41.3
187,9,Turner,1.09193875,1.092226,1.055692,1.0556717,13,30439,1966059,2902,10,142,0.7,62788,1360,39
188,9,Turner,1.0923565,1.092651,1.0564319,1.0564223,13,30904,1993271,3436,5,466,0.8,171684,1380,38.7
189,9,Turner,1.093435,1.093751,1.0565432,1.0564695,13,,1945417,4088,30,305,0.4,155385,1382,38
190,9,Turner,1.09268625,1.09301075,1.0565379,1.0564702,13,,1977232,4297,28,483,0.6,179907,1441,39
191,9,Turner,1.09343725,1.0937495,1.0564372,1.0563679,13,31056,1989540,4015,29,523,0.6,145102,1350,39.5
192,22,Wall Creek,1.0908565,1.09118,1.057813,1.057821,14,55092,3935874,3974,356,3203,1.4,331059,1450,42.9
193,22,Wall Creek,1.0919775,1.092275,1.0579856,1.057974,28,66902,4004280,3906,6,984,0.8,85768,995,
194,9,Turner,1.091192,1.0911815,1.0558299,1.0560226,13,,1980624,4073,269,741,1.4,156844,1203,43.2
195,22,Wall Creek,1.09085625,1.09117925,1.0575955,1.057584,14,59266,4007065,3921,5,1190,1,146465,1449,41.9
196,5,Turner,1.08943575,1.089757,1.0555485,1.0555629,21,45523,3401761,3634,354,877,4.5,187636,1217,48.7
197,9,Turner,1.09339625,1.0937435,1.0572517,1.0571623,13,,2023024,4365,33,415,0.5,223823,1280,39.8
198,5,Turner,1.090181,1.0904815,1.0551835,1.0551475,17,40594,3388467,3281,17,1182,2.1,125005,1360,43.7
199,5,Turner,1.09011825,1.0898115,1.0556574,1.0556806,32,44858,3383363,3440,191,1472,2.2,208252,891,46.8
200,2,Wall Creek,1.09045025,1.09015925,1.0575274,1.0574814,19,92271,3803100,4261,158,713,2,33248,240,45.8
201,9,Turner,1.09269925,1.093015,1.057043,1.0569539,13,,1326402,4092,35,505,0.6,236546,1240,39.8
202,8,Turner,1.09014875,1.08983,1.0550083,1.0550109,22,126361,13203900,4315,181,350,4.2,77833,765,47.2
203,9,Turner,1.09267925,1.09301125,1.0572476,1.0571779,17,89256,6381520,4180,28,996,0.4,101796,162,40.1
204,9,Turner,1.09234075,1.09198825,1.0565623,1.0566299,13,,2021161,4323,206,624,0.7,198463,1370,40.6
205,7,Turner,1.09165675,1.0919425,1.0548555,1.0548836,15,39714,3062500,3797,346,299,13.9,22559,1197,51.2
206,9,Turner,1.09232175,1.092652,1.0568422,1.0567634,13,,1986973,4353,31,455,0.5,198939,1368,38.9
207,9,Turner,1.0919405,1.091614,1.0570654,1.0571524,8,23916,1244500,4489,214,404,0.7,105965,1303,41.7
208,9,Turner,1.09377725,1.093448,1.0561608,1.0562301,13,,1984336,4398,208,342,0.6,101117,1205,38.3
209,9,Turner,1.09269275,1.09302075,1.0567336,1.056674,13,,1954640,4142,24,547,0.6,238731,1299,40.3
210,22,Turner,1.09087475,1.09057475,1.0545163,1.0545089,14,56347,3971217,3804,176,315,24.4,53806,1350,
211,18,Turner,1.09563725,1.09595975,1.0537469,1.0537393,21,75751,6285700,4023,3,792,1.3,140196,627,37
212,5,Turner,1.091055,1.091437,1.0564673,1.056491,17,40823,3391307,3640,351,1015,0.7,121077,1106,41.9
213,9,Turner,1.0933915,1.0930745,1.057171,1.057229,13,64433,4055340,3870,205,712,0.5,157433,510,38
214,22,Wall Creek,1.09083,1.09118125,1.0580436,1.0580277,20,84696,6040010,3976,6,1330,1.3,191999,611,
215,5,Turner,1.09074225,1.0908105,1.0562393,1.0560644,17,42784,3389029,3675,81,947,1.3,279979,1156,43.3
216,22,Wall Creek,1.09049575,1.09081875,1.0577457,1.0577325,26,116291,6028681,3836,6,600,2.1,56130,233,
217,22,Wall Creek,1.09083125,1.09051725,1.0580432,1.0580307,20,82911,6031800,3806,174,1237,1.6,99585,630,
218,23,Turner,1.09563725,1.0963205,1.0539102,1.0538747,31,107117,9854731,8989,7,507,0.7,159440,1322,36.2
219,22,Wall Creek,1.09090425,1.091182,1.0582494,1.058235,14,56813,3939907,3367,7,2080,1.8,677400,1138,
220,5,Turner,1.09087625,1.09119375,1.0560538,1.0560822,17,43614,3439834,3647,347,1395,0.5,264164,1230,43.4
221,23,Turner,1.09311075,1.09377225,1.0535609,1.0535468,32,84102,5873085,8943,3,317,0.8,160762,1094,38.2
222,2,Wall Creek,1.08867225,1.08832925,1.059459,1.0593971,17,74413,3215263,4353,156,194,1.4,22461,707,38.2
223,2,Wall Creek,1.08863075,1.0883195,1.0600378,1.0599927,15,,2782117,3791,160,817,0.8,154690,982,42.4
224,5,Turner,1.090725,1.0907165,1.0562507,1.0565272,27,70114,5393727,6200,269,962,1.3,443842,1204,44
225,8,Turner,1.0904805,1.09017525,1.0556588,1.0556824,25,86082,4616540,4325,191,787,1.3,490021,1132,
226,7,Turner,1.09232525,1.09176475,1.055082,1.055061,20,,8350740,7646,175,206,3.3,118344,1077,39
227,22,Wall Creek,1.08906425,1.0893675,1.0574092,1.057434,20,79562,4067498,3800,348,232,2.3,6897,41,
228,5,Turner,1.09072675,1.09072125,1.0558504,1.0560256,21,41775,3402040,3610,269,1531,1.3,350902,1158,43.5
229,23,Turner,1.0937955,1.0931205,1.0540931,1.0540487,73,82358,4926671,9014,171,957,1.2,229825,1069,38.6
230,5,Turner,1.09081725,1.0908205,1.055853,1.0556577,17,37939,3373459,3966,90,1415,1.1,175605,1084,43.4
231,8,Turner,1.090468,1.08999075,1.0562861,1.0562657,36,180356,11715900,6488,174,991,1.5,416865,933,52.4
232,5,Turner,1.090142,1.090455,1.0560901,1.056065,32,40820,3392501,3641,11,2009,2.1,404421,1102,44.6
233,22,Wall Creek,1.09342775,1.09375,1.0582872,1.0583264,14,49133,3921797,4102,343,0,,0,86,
234,8,Turner,1.09046475,1.089976,1.0563919,1.0563559,34,123443,9050400,6946,170,638,1.3,179129,848,
235,8,Turner,1.09046675,1.0900055,1.0563935,1.0564254,31,113882,8465290,6237,190,598,1.3,167189,856,
236,8,Turner,1.0904685,1.0900045,1.0563951,1.0563959,32,106871,7702960,6495,180,826,1.2,96268,739,47.2
237,8,Turner,1.090446,1.09017275,1.0558257,1.0558146,19,92471,6494770,3524,174,1050,1.2,188297,852,47.2
238,18,Turner,1.0956095,1.095294,1.0534276,1.0534373,21,,6303440,4117,184,444,0.8,153425,508,47.2
239,8,Turner,1.09048075,1.0901865,1.055655,1.0555377,25,185054,8474586,4415,135,1252,2.5,207268,631,47.2
240,8,Turner,1.0909015,1.09121525,1.0554578,1.0554588,20,76769,6177030,3876,360,1050,1.5,142982,536,35.5
241,22,Wall Creek,1.0916425,1.09124625,1.0580786,1.0580755,20,76246,4011441,3861,179,1899,1,55514,48,47.8
242,22,Wall Creek,1.08978125,1.090089,1.0580976,1.0580838,27,124523,6071230,3976,6,179,1.6,16004,157,46.4
243,9,Turner,1.0893995,1.08908125,1.0556602,1.0556915,15,74697,3849370,3786,194,979,2.9,74643,149,58.4
244,5,Turner,1.09196775,1.092278,1.0568964,1.0568745,17,81520,6826296,3624,10,1391,0.4,198742,970,42.4
245,8,Turner,1.08942525,1.0890825,1.0560182,1.0559955,17,90257,6322090,4131,171,1040,3.8,125770,769,48
246,9,Wall Creek,1.090484,1.089796,1.0577691,1.0577409,36,186136,10961640,9113,174,871,3.5,119342,219,39.2
247,9,Wall Creek,1.0897455,1.0904445,1.0577728,1.057836,38,201629,11651760,9551,347,1059,3.3,148664,219,46.7
248,9,Wall Creek,1.0897575,1.09045025,1.0576771,1.0576825,36,163729,10949310,9128,359,856,2.9,60057,231,47
249,5,Turner,1.090501,1.09081725,1.0565969,1.0565663,17,42614,3400358,4214,14,879,1.7,96093,873,48
250,2,Wall Creek,1.0883055,1.08862875,1.0598989,1.0598972,19,90309,3892920,4206,1,1215,0.9,80245,361,48
251,2,Wall Creek,1.08830575,1.0886275,1.0599001,1.0599574,19,124274,3820260,4185,336,722,0.7,77602,368,44.8
252,23,Turner,1.09310625,1.09239325,1.0541633,1.0541753,32,153290,10977414,9123,182,526,1.4,173801,517,39.1
253,8,Turner,1.08945225,1.0897355,1.0558853,1.0559538,16,61794,4753115,3801,329,637,3.4,81664,637,39.1
254,8,Turner,1.0894525,1.08973775,1.0558815,1.0558865,12,46331,3462340,2800,357,858,3.1,122284,720,40.6
255,8,Turner,1.089432,1.08973375,1.0560182,1.0560196,16,64049,4910620,4148,359,1010,2.5,142146,714,47.8
256,2,Wall Creek,1.09043525,1.09015725,1.0575995,1.0576332,19,90309,3892920,4206,197,1215,0.9,31694,248,47.8
257,2,Wall Creek,1.0904365,1.090158,1.0575986,1.0575834,20,97550,4847180,4250,172,631,3.4,29130,248,46.7
258,28,Turner,1.091982,1.0922795,1.0558811,1.0558606,20,50915,3966408,4227,10,627,1,96860,460,39.1
259,9,Turner,1.089398,1.08908,1.0557987,1.0558207,16,64804,4950240,3918,190,827,3.7,69725,153,47
260,9,Turner,1.089398,1.089081,1.0557968,1.0557584,16,60083,4087310,4013,163,943,2.3,53552,153,41
261,9,Turner,1.0934355,1.09270975,1.0573827,1.0574262,39,198244,14277230,9302,189,1119,0.4,121935,118,48
262,15,Wall Creek,1.08940375,1.090088,1.0583112,1.0582799,35,182415,9681969,9037,7,965,1.4,75820,272,48
263,18,Turner,1.0967505,1.0963825,1.0536826,1.053688,23,77427,6778120,4582,182,31,1.9,4580,224,42
264,18,Turner,1.09596225,1.096325,1.0534204,1.053414,23,87283,8060760,4441,3,472,0.9,45101,320,35
265,18,Turner,1.0959785,1.0956565,1.0534735,1.0534803,22,81419,6532127,4409,183,721,0.7,91410,360,35
266,18,Turner,1.095962,1.09565775,1.0534194,1.0534181,23,80934,6508540,4415,179,641,0.5,100687,359,37
267,20,Turner,1.0915595,1.091263,1.0560226,1.0559576,35,110608,6190860,4060,151,1770,0.7,60702,82,36
268,20,Turner,1.09088,1.091195,1.056179,1.0561538,34,,6439660,4299,11,1785,0.9,79558,88,44
269,9,Turner,1.0934355,1.09410775,1.0573846,1.0574284,34,142436,9998520,8112,351,609,0.4,58455,109,44
270,5,Turner,1.09011475,1.08979875,1.0556612,1.0557179,20,72880,5770386,4571,204,1341,2,34186,49,37
271,9,Turner,1.0934355,1.094106,1.0573808,1.0573643,36,153748,10725313,8714,4,768,0.5,57229,114,46
272,6,Wall Creek,1.06984525,1.06973875,1.0534699,1.0534453,,,,1243,150,32,33.4,39475,6792,37
273,6,Wall Creek,1.07129425,1.0716125,1.0541132,1.0541688,16,,2502330,1938,336,,,52906,795,53
274,25,Turner,1.08159575,1.08185,1.0491466,1.0490491,10,,483218,3985,44,207,0.5,43524,4946,36.8
275,6,Wall Creek,1.0698285,1.069815,1.0533221,1.0533096,,,,20,113,55,33.5,17362,3033,52
276,6,Wall Creek,1.069955,1.07010075,1.0534157,1.053442,,,,1041,336,260,32.7,20981,1680,52
277,14,Wall Creek,1.0785845,1.07880625,1.0587918,1.0588365,7,,1288000,2702,333,22,0.1,38298,1951,
278,6,Wall Creek,1.069584,1.06971175,1.0535912,1.053652,,,,2354,310,14,47.1,1234,566,52
279,25,Turner,1.081935,1.0821855,1.0492505,1.0493451,,,,3446,317,251,0.5,48789,2747,40.9
280,6,Wall Creek,1.070275,1.07058975,1.0546312,1.0546325,8,,1918180,2201,359,351,1.6,236172,2852,41.9
281,12,Wall Creek,1.0796045,1.07935175,1.057198,1.0573597,12,,1518500,4750,238,778,1.6,211642,2729,44
282,6,Wall Creek,1.070962,1.07067525,1.0544788,1.0544791,14,,2814840,3142,180,164,4.5,113765,1860,39.9
283,6,Wall Creek,1.06989275,1.07021,1.0542831,1.0542853,11,,3002656,3558,359,786,3.8,84313,1566,44.9
284,6,Wall Creek,1.0716595,1.0714545,1.0544329,1.0544316,8,,2228784,2420,179,150,4.1,14528,568,45
285,8,Turner,1.08722225,1.0866555,1.0545761,1.0545292,33,57530,3263056,7612,168,412,5.3,294540,2109,
286,12,Wall Creek,1.07967175,1.08033875,1.057238,1.0572472,28,96871,3341818,8690,358,1154,1,480690,2225,40.5
287,12,Wall Creek,1.0782205,1.07885375,1.0579168,1.0579079,28,95355,3504520,8140,2,1207,0.7,211557,1937,41.4
288,12,Wall Creek,1.07822,1.07888225,1.057632,1.0576467,28,88584,3916810,8704,357,1228,1.4,219970,1621,41.4
289,14,Wall Creek,1.0692405,1.0695075,1.0506776,1.0506075,20,,3070812,3319,33,55,5.3,30368,1228,
290,9,Wall Creek,1.08661975,1.086824,1.0552118,1.0551223,9,,1659008,2974,48,252,5.1,131860,1147,51.2
291,7,Wall Creek,1.08474575,1.084475,1.0551344,1.0551327,14,64853,3517980,3376,179,668,2.5,204018,1091,44.9
292,31,Wall Creek,1.07927825,1.078964,1.0576097,1.0576137,19,,2129500,3694,182,1379,1,160373,1982,
293,12,Wall Creek,1.07965325,1.08030825,1.0578428,1.057847,30,103087,4173300,8724,359,730,1.6,158530,1557,42
294,12,Wall Creek,1.0782185,1.078839,1.057442,1.0574579,28,,3762660,7922,356,2263,0.9,392560,1869,40.7
295,31,Wall Creek,1.07927875,1.07959425,1.0576108,1.0576146,19,,2129500,3630,358,1022,0.7,131507,1921,
296,12,Wall Creek,1.07961275,1.07896875,1.057703,1.057753,30,90252,3415920,8705,191,739,1.4,84494,853,42
297,8,Wall Creek,1.0858565,1.086208,1.0545804,1.0545863,25,77222,4613360,4193,358,917,1.9,376017,1299,
298,12,Wall Creek,1.0796655,1.0802705,1.0571339,1.0571521,27,78364,2902150,7707,356,1121,1,264713,1716,40.5
299,8,Turner,1.0859115,1.086211,1.0544573,1.0544749,24,47697,2399420,4212,352,669,2.1,227595,1168,
300,8,Turner,1.08591175,1.08555825,1.0544582,1.054428,23,49069,4450608,3969,168,594,1.8,236851,1160,
301,21,Wall Creek,1.0796235,1.0789635,1.0575141,1.0575325,,,3579800,9347,184,550,0,323064,1954,43
302,8,Turner,1.08722425,1.08691975,1.0543859,1.054361,11,51644,3183058,3870,168,360,4.2,97818,1764,
303,12,Wall Creek,1.07981975,1.079819,1.0589263,1.0593364,22,69373,2629570,9015,270,32,0.5,14994,273,40
304,21,Wall Creek,1.07925225,1.078599,1.0573405,1.0573464,30,,4513416,9148,181,813,1.2,249303,1421,41.8
305,0,Wall Creek,1.07295525,1.07319,1.0504057,1.0504535,5,17336,795500,1166,333,379,1.4,36746,1516,45
306,31,Wall Creek,1.08225925,1.08224725,1.0583713,1.0580001,30,98230,4367300,9016,91,36,12.8,15920,831,64
307,21,Wall Creek,1.08611675,1.08543825,1.0593287,1.0593295,30,172166,6774642,8763,180,436,2.5,163617,1272,40.6
308,21,Wall Creek,1.086174,1.0868005,1.0598128,1.0598156,32,119477,2261122,3273,359,906,1.3,203437,1521,46.9
309,7,Turner,1.08587125,1.085565,1.0537343,1.053739,15,41723,3580002,3920,182,1411,1.7,238574,1726,48
310,8,Wall Creek,1.08621725,1.08683925,1.055141,1.0550376,34,180326,8740370,8569,23,126,9.8,134612,253,54
311,8,Wall Creek,1.08725075,1.08659275,1.0554901,1.055514,35,163723,9520110,8722,185,358,6.2,11595,156,45.7
312,8,Wall Creek,1.087251,1.087927,1.0554837,1.055466,36,161620,9071790,9011,4,948,7.6,95708,181,45.7
313,8,Wall Creek,1.087251,1.086791,1.0554826,1.0554378,24,101720,6046340,6002,166,340,6.5,32628,181,45.7
314,21,Wall Creek,1.08611675,1.0868055,1.0593287,1.059338,30,122978,4456986,9149,358,494,2.4,155700,1261,42.8
315,0,Wall Creek,1.0729555,1.07258325,1.050415,1.0504041,15,67917,4253400,3886,176,537,2.8,140797,932,46.9
316,12,Wall Creek,1.07965925,1.08032475,1.0572514,1.0573669,30,95952,3404910,9395,337,1717,1.1,426646,1449,41
317,7,Turner,1.0851835,1.085502,1.0535612,1.0535365,11,,4172500,3904,11,381,2.6,113248,1376,54
318,7,Turner,1.085185,1.08551025,1.0535629,1.0535859,12,,4300420,4075,350,516,2.6,142439,1293,54
319,21,Wall Creek,1.084697,1.085392,1.0592265,1.0592269,30,120013,4435143,9032,360,251,7.1,27047,579,42
320,8,Turner,1.08515825,1.08484025,1.0536885,1.0537006,14,62419,3521870,3503,185,518,0.8,32767,101,42.4
321,8,Turner,1.08575,1.08620525,1.0539557,1.0539153,37,227589,19676660,6367,13,754,1.4,183514,784,45.6
322,8,Turner,1.08575,1.086217,1.0539595,1.0539856,31,149375,6905793,5355,352,543,2,263517,1264,
323,8,Turner,1.08575,1.08621975,1.0539538,1.0538333,44,270376,23505640,7548,33,1426,1.2,244049,674,47
324,12,Wall Creek,1.078242,1.078885,1.0575367,1.0575615,30,86218,3404070,8578,354,1099,0.8,325084,1549,41.6
325,8,Wall Creek,1.08621025,1.08554325,1.0550949,1.0551538,35,182648,8736320,8858,192,992,2,142267,304,52.7
326,8,Wall Creek,1.08621025,1.0855485,1.0550921,1.0550505,35,187533,9039020,8851,171,857,3.5,74316,305,52.7
327,21,Wall Creek,1.08397725,1.08327725,1.0587343,1.0587302,37,,4541524,8028,179,596,5,108261,1414,42
328,21,Wall Creek,1.081429,1.08073975,1.0588214,1.0588219,29,99504,4400046,8490,180,468,1.9,162164,1042,46
329,7,Turner,1.08517825,1.08550075,1.0536639,1.0536852,16,,4739722,1474,351,102,4.5,130707,1220,45
330,7,Turner,1.0851785,1.08550075,1.0536582,1.0536358,10,,4664838,3881,10,211,3.3,102683,1218,45
331,7,Turner,1.0851835,1.085501,1.0537638,1.0537882,10,,4505884,2214,349,8,22.7,213292,1169,45
332,7,Turner,1.08518375,1.085501,1.0537582,1.0537382,16,,4531396,3660,9,300,3.3,114471,1130,45
333,21,Wall Creek,1.0854005,1.0847165,1.0589313,1.0589354,35,112201,7000560,9288,181,760,2,49548,923,41
334,21,Wall Creek,1.0861155,1.08543625,1.0591334,1.0591314,30,109787,5913580,9153,180,1259,1.8,156762,1148,42
335,12,Wall Creek,1.07962025,1.0789525,1.0581073,1.058152,30,86453,3332480,8865,190,1179,1.7,368663,1000,43.8
336,21,Wall Creek,1.08468325,1.08399075,1.0595459,1.0595357,35,162693,12145929,9619,178,1519,1.6,135904,306,41.2
337,0,Wall Creek,1.0725495,1.07282575,1.0505023,1.0505201,12,62802,3421320,3238,351,718,2.8,187384,1425,46
338,6,Wall Creek,1.0717135,1.071383,1.0505597,1.0505317,23,111657,9227963,4561,168,1462,5.8,115330,426,48.9
339,8,Wall Creek,1.08586775,1.08621025,1.0549844,1.0549143,26,146332,8334480,4520,27,332,4.2,256254,876,52.4
340,8,Wall Creek,1.0858605,1.0852015,1.0549899,1.0549115,40,208670,17005735,9300,163,1193,4.4,147609,475,49.5
341,8,Wall Creek,1.08586025,1.08518775,1.0549918,1.0549888,38,200534,15977256,8787,179,1299,3.9,189202,470,49.7
342,8,Wall Creek,1.08685,1.08628925,1.0548859,1.0548754,29,155356,7507890,7327,177,1127,6.3,202243,273,54
343,21,Wall Creek,1.08397475,1.08467425,1.0600045,1.0600035,30,111756,6094620,9926,0,168,1,42625,641,41.1
344,21,Wall Creek,1.086152,1.08543975,1.0599296,1.059918,30,107386,6008840,9433,178,570,1.1,87434,994,40
345,21,Wall Creek,1.0839715,1.08327125,1.0596058,1.0595955,36,130000,8535472,9199,178,1737,1.5,271983,419,43
346,12,Wall Creek,1.08036275,1.079669,1.0581178,1.0581466,30,94318,3495660,9109,186,1207,1.5,282053,1311,
347,8,Wall Creek,1.084821,1.085104,1.0548329,1.0549131,26,149845,13362980,4372,325,1006,3.9,391506,869,44.7
348,12,Wall Creek,1.07892425,1.07821825,1.0583101,1.0582822,30,85731,3514765,8398,174,1501,2.1,268644,1027,42
349,8,Wall Creek,1.08685175,1.0863005,1.0549688,1.0549545,29,151833,7278510,7249,176,902,6.6,128277,273,54
350,21,Wall Creek,1.08613575,1.08544025,1.0600096,1.0600083,30,110634,6038420,9203,180,912,1.3,158559,1085,40.1
351,21,Wall Creek,1.082605,1.0825835,1.0595573,1.0591825,30,107137,6010460,9219,91,1176,1.5,126395,1019,39.5
352,12,Wall Creek,1.078612,1.07926075,1.0586475,1.0586306,30,60825,3086460,8649,4,698,1.9,150384,1189,43
353,7,Wall Creek,1.08330125,1.08367725,1.0546611,1.0546296,7,22967,1488085,1640,12,760,0.4,221677,1248,42.1
354,21,Wall Creek,1.081097,1.08038225,1.0586242,1.0586172,35,112972,7119991,9773,179,139,1.7,38956,596,40
355,21,Wall Creek,1.083971,1.08326475,1.0596096,1.0596636,36,182000,11671025,9640,191,2158,1.6,188604,422,43
356,21,Wall Creek,1.08309175,1.08317125,1.0595539,1.0591838,30,114444,6979764,9479,85,1534,1.2,135145,894,39.6
357,7,Turner,1.08515575,1.08484625,1.0533728,1.0533866,16,58831,3978260,3872,186,704,1.1,62701,966,43.6
358,7,Turner,1.08515375,1.08484525,1.0533672,1.0533367,16,77411,5839940,3872,166,447,1,51563,960,40.9
359,7,Turner,1.085143,1.08483325,1.0532338,1.0533254,10,,6524881,3778,216,258,1.1,103147,874,43
360,8,Turner,1.08483075,1.08512925,1.0541929,1.0541873,18,110276,12130274,3738,3,665,3.2,180041,906,47.5
361,8,Wall Creek,1.0858565,1.0855565,1.0545813,1.0545333,25,78008,4641020,4241,158,0,,325960,1256,
362,7,Turner,1.080083,1.07975675,1.0494469,1.0494523,16,67493,4000519,3872,182,956,1,49550,1110,37.1
363,8,Turner,1.0848315,1.08512725,1.0541892,1.0541092,25,144163,15526376,5165,34,599,1.4,195445,938,47.5
364,8,Turner,1.08483125,1.08512825,1.0541911,1.0541572,24,124509,7776840,4048,16,1042,2.9,105977,944,50.5
365,31,Wall Creek,1.07676225,1.07619825,1.058017,1.0580096,42,185322,7704490,7286,178,100,1.5,12829,369,40
366,21,Wall Creek,1.0825015,1.083012,1.0599411,1.059931,24,83017,5298765,7116,3,63,1.2,39662,568,40
367,6,Wall Creek,1.0733515,1.073834,1.0538323,1.0538931,36,,14427752,7215,343,1862,1.6,382935,506,46.4
368,7,Wall Creek,1.08330475,1.08368675,1.0546478,1.0546802,18,85482,4524720,4368,348,1089,0.8,203761,1132,41.9
369,7,Wall Creek,1.083315,1.082986,1.0546489,1.0546796,15,77040,5475000,3624,193,1000,0.9,177228,993,41.9
370,7,Wall Creek,1.080685,1.08102475,1.05509,1.0550877,16,72788,4028620,3872,1,508,1.1,58761,922,39
371,7,Wall Creek,1.083315,1.082987,1.0546479,1.054631,16,75584,5847487,3737,173,929,0.8,224096,1000,41.4
372,21,Wall Creek,1.08250675,1.08182425,1.0593464,1.0593346,36,101446,7145997,9461,178,1245,1.2,200443,535,40
373,21,Wall Creek,1.081097,1.08177975,1.0586279,1.0586199,24,83017,5298765,9508,2,120,2.6,26069,560,40
374,0,Wall Creek,1.07502725,1.0753605,1.0515317,1.051549,16,77925,4541880,4426,353,176,9.8,231583,862,46.4
375,2,Wall Creek,1.07531,1.0760365,1.0540447,1.0539896,32,176766,7546800,9642,11,2738,1,247161,231,40
376,31,Wall Creek,1.0771335,1.077803,1.0586354,1.0585538,31,118417,10124864,9804,17,1106,0.9,125776,196,42.9
377,7,Wall Creek,1.08156725,1.0818775,1.0538198,1.053819,16,74363,6191260,3872,0,668,0.2,77016,1030,38.3
378,7,Wall Creek,1.081557,1.08187675,1.0538198,1.0538671,17,85748,6209170,4047,340,905,1,146903,1128,42.1
379,7,Wall Creek,1.0822135,1.0826865,1.0538471,1.0538292,16,61400,5152972,5841,5,394,0.8,168835,864,39
380,7,Wall Creek,1.08222375,1.08259575,1.0538471,1.053874,15,52800,4384385,5000,350,390,0.8,99846,812,39
381,0,Wall Creek,1.07398225,1.0742955,1.0509111,1.0509132,14,66354,4029367,3823,359,1187,1.6,306852,959,50
382,2,Wall Creek,1.0775105,1.0768985,1.0538052,1.0537859,37,151581,7115110,8069,175,2266,0.8,192648,239,38.4
383,8,Turner,1.0858415,1.085198,1.0540427,1.0541171,36,155876,9174250,9049,196,1425,1.9,137778,320,46.1
384,8,Turner,1.0858415,1.08519625,1.0540408,1.0540524,35,174331,8920310,8847,183,791,0.5,136941,331,46.1
385,8,Wall Creek,1.08629075,1.08683675,1.0552905,1.0552484,28,150226,7182960,7073,11,476,3.7,77635,254,53.6
386,8,Wall Creek,1.08621725,1.086571,1.0551464,1.0551625,16,83884,4106030,3943,354,916,6,69538,269,54
387,8,Turner,1.08575025,1.08520325,1.0539482,1.0538291,29,155965,10352050,7277,151,1380,2.4,147622,354,46.1
388,8,Turner,1.08575025,1.08519825,1.0539501,1.0539032,27,134922,6896040,6912,168,1356,3.1,177732,364,48.4
389,7,Turner,1.084462,1.08514175,1.0538512,1.0538525,41,,18453612,8913,360,1001,1.9,114163,216,40.2
390,7,Turner,1.08446275,1.08513025,1.0538493,1.0538293,41,,18449014,8895,4,2017,1.1,99522,201,40.2
391,8,Wall Creek,1.085858,1.0851915,1.0546614,1.0547314,41,164791,12029540,9538,195,1345,3.1,220068,483,47.6
392,8,Wall Creek,1.085858,1.08519275,1.0546595,1.0546522,32,143318,10114330,8977,178,1402,2.9,270147,485,47.6
393,8,Turner,1.0858845,1.086564,1.0537779,1.0537838,37,136573,9223260,9119,359,1624,0.8,136401,308,43.4
394,8,Turner,1.08588425,1.0865825,1.0537761,1.0536503,41,154550,10039280,10351,24,2036,0.8,159134,360,43.4
395,8,Turner,1.08591125,1.08656875,1.0544551,1.0544294,37,208980,13537730,9050,6,1765,3.5,201116,352,47.3
396,8,Turner,1.08589875,1.08537775,1.0543782,1.0543681,27,97318,6960390,6682,177,1230,1.6,180772,321,47.8
397,8,Turner,1.0858975,1.0862145,1.0543745,1.0543633,15,53334,3884285,3771,5,981,2.5,43376,266,47.6
398,8,Turner,1.08589625,1.086579,1.0543708,1.0543008,37,134064,9494640,9296,14,480,1.9,136609,337,48.5
399,8,Turner,1.085898,1.08537525,1.0543764,1.0543071,27,97736,6757595,6711,162,1209,1.7,129631,321,47.8
400,8,Wall Creek,1.085902,1.08519175,1.0548786,1.0548563,41,217439,17771218,9464,176,1104,3.7,144561,463,47.6
401,8,Wall Creek,1.08590175,1.08519225,1.0548767,1.0547929,46,159239,11304450,9309,164,720,3.8,136255,464,47.6
402,21,Wall Creek,1.084697,1.083989,1.0596587,1.0596683,31,166967,9140466,9747,182,1134,1.4,89289,212,44.5
403,6,Wall Creek,1.0746245,1.07495175,1.0534999,1.0535145,21,103116,8201763,4612,354,1427,1.3,155529,325,41.3
404,6,Wall Creek,1.07285325,1.0720945,1.0512672,1.0512251,34,179732,13400086,10111,172,1094,5.9,194485,242,47.3
405,21,Wall Creek,1.08189075,1.08119725,1.0595856,1.0595938,36,161984,12330729,9616,182,402,1.2,24595,187,40.6
406,8,Turner,1.08582375,1.0851995,1.0542179,1.0541752,34,123794,8866490,8498,170,1470,1.9,128606,356,48.5
407,8,Turner,1.085824,1.08621875,1.0542198,1.054241,18,60258,4665750,4608,352,1232,2.2,102491,338,48.5
408,8,Turner,1.08582425,1.0853765,1.0542217,1.0542464,22,75930,5701860,5571,188,1303,1.6,108350,358,48.5
409,8,Turner,1.08575025,1.08519625,1.0539489,1.0539833,27,134845,6865730,6808,189,1649,2,148786,364,47.9
410,7,Wall Creek,1.082948,1.08225225,1.0546439,1.0546831,42,,18912560,9362,188,1369,1.3,122818,286,42.2
411,7,Wall Creek,1.08294825,1.08227975,1.054642,1.054633,40,,17894782,8594,178,1307,1.1,163821,282,42.2
412,7,Wall Creek,1.08292625,1.08225875,1.0547495,1.0547816,42,,19078481,9190,187,1802,1.3,184382,272,
413,7,Wall Creek,1.08292975,1.08227775,1.0547493,1.0547312,40,,17958652,8599,176,1288,1.1,112255,273,40.2
414,31,Wall Creek,1.0775075,1.07711375,1.0591945,1.0591915,20,,6512080,4517,179,671,0.9,28606,161,43.4
415,31,Wall Creek,1.0776085,1.07821,1.0595536,1.0596736,30,,5176020,7733,333,602,0.6,49045,143,43
416,8,Wall Creek,1.084564,1.0850415,1.0557403,1.0556611,29,108795,6976010,6952,23,561,7.1,121750,448,50.2
417,8,Wall Creek,1.084564,1.08504125,1.0557422,1.0557534,26,95253,6253080,6082,357,500,5.3,91102,448,50.6
418,6,Wall Creek,1.0733125,1.0728285,1.0528195,1.0527364,19,92578,7281608,7140,157,757,3.9,10018,16,44.8
419,6,Wall Creek,1.0715905,1.0710105,1.0516634,1.0515794,27,,10520734,7940,160,292,15,70031,271,45.4
420,6,Wall Creek,1.0715885,1.07101225,1.0516634,1.0514803,29,,11466033,8478,142,269,19.2,58267,272,48.2
421,7,Wall Creek,1.08476275,1.08424375,1.0550686,1.0550282,30,176412,13546977,6839,169,1212,2.2,78457,203,40
422,4,Turner,1.073253,1.07394875,1.0496717,1.0497137,27,128933,9120280,6018,351,1391,2.4,72358,247,43
423,7,Wall Creek,1.0836785,1.08297375,1.0549586,1.0549831,40,154723,10849528,9271,185,1108,1.7,17903,20,42
424,7,Wall Creek,1.083681,1.0829755,1.0549573,1.0548727,40,126165,8945750,9617,163,1009,1.4,16164,20,42
425,7,Wall Creek,1.083711,1.084411,1.0551616,1.0551292,40,181974,10062780,9319,7,1330,1.8,80457,109,42
426,7,Wall Creek,1.0836795,1.0842285,1.0550722,1.0550247,31,124229,8135853,7148,12,1167,2.1,74272,110,42
427,7,Wall Creek,1.08402925,1.083341,1.0544694,1.0544777,40,157146,10484930,9320,182,2326,1.3,32068,27,42
428,31,Wall Creek,1.0893975,1.08969,1.060525,1.060557,13,40386,2907625,3756,345,552,1,156350,1823,43
429,31,Wall Creek,1.0897175,1.089415,1.0609399,1.0609106,13,51262,2389607,3841,166,331,0.9,100168,1516,39.7
430,7,Wall Creek,1.090142,1.0904465,1.0602121,1.0602086,18,,3028568,3192,2,587,1.2,105978,1907,38.5
431,31,Wall Creek,1.08971625,1.09005775,1.0609407,1.0609108,13,59390,2940853,3529,12,242,0.7,49673,1527,39.4
432,31,Wall Creek,1.08972975,1.09005225,1.0606837,1.0607582,14,67579,3223911,4029,330,55,0,37053,1227,36
433,31,Wall Creek,1.08972775,1.08942225,1.0606836,1.060757,14,59317,3403160,3780,211,452,1,100069,1456,35.6
434,31,Wall Creek,1.092313,1.092566,1.0612258,1.0612567,13,48248,2656987,3354,343,49,0.7,20434,1240,39
435,3,Wall Creek,1.09873525,1.09905825,1.0643318,1.0644001,17,55554,2209997,4287,332,104,0.5,10012,1194,
436,7,Wall Creek,1.09015825,1.089788,1.0603896,1.0604044,12,,6250328,4429,186,50,1.5,76901,1424,39
437,7,Wall Creek,1.090854,1.09052975,1.0604268,1.060403,12,,5851240,4115,170,10,5.2,13805,1402,39
438,7,Wall Creek,1.09015725,1.09046525,1.0604073,1.0604085,11,,5137017,3935,359,140,0.7,45584,1450,39
439,19,Wall Creek,1.08931525,1.08903375,1.0618277,1.0618428,7,3695,671740,1680,188,15,0,11271,1491,38.8
440,21,Wall Creek,1.08935825,1.0890415,1.060538,1.0605242,15,,2283830,3914,174,503,1.2,143873,1375,41.8
441,21,Wall Creek,1.0882855,1.0875845,1.060185,1.0602321,30,105679,4412065,9524,190,641,1.3,192280,1221,38.4
442,21,Wall Creek,1.088271,1.08892575,1.0605373,1.0605329,30,103558,4417986,8628,1,1097,0.8,306723,1229,39.2
443,21,Wall Creek,1.0883025,1.08757925,1.0604322,1.0604357,30,123717,6006320,9825,181,616,0.9,195498,866,38
444,10,Wall Creek,1.08515825,1.0851625,1.0627536,1.0628123,,,,1582,272,,,139,153,
445,25,Turner,1.08196175,1.0822115,1.0489416,1.049004,,,,3061,328,235,0.8,104481,5535,41.2
446,25,Turner,1.0815415,1.081841,1.0488944,1.0489067,,,,4180,354,230,1.2,41688,5096,42
447,25,Turner,1.0815415,1.081847,1.0486638,1.0486962,3,,71078,2374,345,65,0.8,10541,3157,41
448,25,Turner,1.0811875,1.0814805,1.0487916,1.0488342,4,,149800,3837,340,38,1.1,9896,3209,39.7
449,25,Turner,1.0837685,1.08405425,1.0453716,1.0453194,6,,1628932,3464,25,68,0,8653,1164,
450,29,Turner,1.08558475,1.085881,1.0446058,1.0446238,14,45125,2052550,3685,351,118,0.1,115757,1457,42.5
451,29,Turner,1.085896,1.08624,1.0445841,1.0445725,20,46158,2648000,4115,5,120,0.3,143064,1068,43.2
452,29,Turner,1.08592375,1.08557525,1.0444723,1.0444775,20,41294,2625200,4414,182,43,0.6,17662,820,45.9
453,29,Turner,1.08623575,1.0866355,1.0443915,1.0443753,36,31272,2625060,5070,6,60,0.1,33417,461,43.1
454,29,Turner,1.086233,1.08578625,1.0443913,1.0443774,40,32792,2923660,5702,176,128,0.4,81730,457,45
455,29,Turner,1.08558075,1.085209,1.0445064,1.0445151,32,35228,3022013,4466,183,169,0.5,46835,518,43.2
456,29,Turner,1.08629475,1.08593375,1.0444554,1.0444736,31,25822,2261140,4371,187,80,0.1,69101,447,43.9
457,27,Turner,1.08591975,1.0864515,1.0450227,1.0450306,33,225501,12984060,6863,358,101,0.5,10058,214,42
458,29,Turner,1.0858885,1.08537425,1.0443162,1.0443462,63,50759,4473192,6594,188,115,0,17419,71,44.8
459,29,Turner,1.085891,1.08643975,1.0443165,1.0443247,48,39053,3505005,6879,358,120,0,10642,73,44.8
460,17,Turner,1.09023075,1.09013525,1.0459737,1.0459538,,,,1471,152,105,0,47051,6004,42
461,17,Turner,1.09159675,1.09164725,1.0453681,1.045468,,,,2625,281,7,1,44323,5349,42.7
462,17,Turner,1.0897755,1.089693,1.0457221,1.0456999,,,462500,1618,146,11,0.2,39685,5535,42
463,17,Turner,1.08977875,1.089878,1.0456381,1.0456553,,,,1520,337,36,0,29842,4138,
464,17,Turner,1.08959675,1.089694,1.0459235,1.0459467,,,,1685,329,33,0,21202,2027,
465,25,Turner,1.089403,1.0895085,1.0453338,1.0453282,,,,1493,8,3,0,1849,599,
466,17,Turner,1.089957,1.089777,1.045925,1.0459247,,,,2596,180,74,0,23267,4982,
467,17,Turner,1.08986575,1.09005225,1.0459791,1.0459699,,,,2615,7,62,0,66034,5203,
468,17,Turner,1.09141525,1.091602,1.0460705,1.0461513,,,,3179,313,49,0,49935,5335,
469,17,Turner,1.090977,1.0908685,1.0461872,1.0461258,,,,2286,125,17,0,15546,4086,
470,17,Turner,1.09151575,1.0916535,1.0460157,1.0460473,,,,2165,330,0,,8202,4039,
471,17,Turner,1.0913145,1.09114175,1.0461697,1.0460957,,,,2920,133,15,1,29492,5555,42.1
472,29,Turner,1.08958725,1.08985875,1.0451374,1.0451289,,,560660,3171,4,126,0.1,36732,1491,
473,29,Turner,1.08880475,1.08915975,1.0449222,1.0449336,20,47770,2851340,4396,355,75,0.1,64615,812,43.1
474,8,Codell,1.02876,1.02866325,1.0458138,1.0459602,15,72062,3091080,4270,255,455,604,108946,1668,
475,13,Codell,1.02752675,1.02784875,1.0437137,1.0437137,18,58940,2695050,4691,360,10,,7029,883,40
476,13,Codell,1.032436,1.032369,1.0457738,1.0459564,15,39023,2538000,5110,262,189,614,59158,1377,34
477,8,Codell,1.0279775,1.027982,1.046362,1.0460005,,3192026,3021660,9957,90,357,994,113307,1342,36.5
478,8,Codell,1.027891,1.028211,1.0465761,1.0465952,18,30648,3382180,4692,352,468,,126290,1256,
479,24,Codell,1.03187475,1.03184475,1.0467641,1.0469047,19,5262,185600,3888,265,767,307,114809,1230,38
480,24,Codell,1.03204125,1.03205075,1.0469418,1.0471037,18,58987,3367628,4450,271,507,590,59895,893,37
481,24,Codell,1.03279825,1.032797,1.0474841,1.0473322,19,65436,3538750,4172,90,230,257,28650,925,37
482,13,Codell,1.032646,1.03264875,1.046341,1.0467215,37,4621509,4405763,10450,270,595,509,139666,1084,34
483,13,Codell,1.032644,1.03264125,1.046341,1.0460156,37,3101697,3163547,8937,90,460,439,154131,1096,34
484,8,Codell,1.027922,1.028576,1.0467097,1.0466772,47,358218,17461875,9570,7,944,,248119,1187,
485,13,Codell,1.03192125,1.03188675,1.0455841,1.045223,40,5362558,6023541,9935,92,227,727,78621,1033,40
486,13,Codell,1.03192325,1.03189875,1.0455841,1.0459514,40,5417399,5906658,10099,268,319,1555,126132,1004,40
487,8,Codell,1.02751725,1.02820925,1.0459405,1.0459593,45,448134,16738048,10095,356,376,,157694,914,
488,24,Codell,1.03078125,1.030462,1.0470358,1.0470373,18,69064,4701689,4651,181,309,530,55231,743,36
489,8,Codell,1.02715175,1.026483,1.0465276,1.0465479,52,197002,11861901,9759,184,991,,158972,668,
490,8,Codell,1.02716225,1.02786725,1.0465276,1.0465297,55,219455,12601470,10271,360,896,,199940,715,
491,13,Codell,1.03216425,1.0321875,1.0448249,1.0452,40,3618179,4011214,10311,271,501,34,154533,917,40
492,13,Codell,1.03216875,1.03217825,1.0448249,1.044464,40,93000,4193625,9916,89,240,775,115264,958,40
493,11,Codell,1.025402,1.025093,1.0434804,1.0434537,18,53266,4090720,4562,168,298,656,56559,982,38
494,11,Codell,1.025402,1.0250915,1.043482,1.0434992,18,55844,4074869,4548,188,274,617,44154,962,0.4
495,11,Codell,1.025083,1.025388,1.0433548,1.0434031,18,20417,3968780,4639,338,194,345,37809,919,
496,11,Codell,1.02508175,1.025388,1.0433548,1.0434031,18,53266,4090720,4656,338,95,737,47634,936,
497,24,Codell,1.03223825,1.031777,1.0466234,1.0466213,29,96787,6900188,6720,179,609,327,86777,783,
498,8,Codell,1.027566,1.02685475,1.0467953,1.0467897,47,157833,3903158,10363,179,219,,158945,885,
499,8,Codell,1.0275765,1.02823075,1.0467952,1.0467819,44,190172,11785276,9539,3,956,,130789,585,
500,8,Codell,1.027528,1.02823025,1.0468319,1.0468133,52,377380,10987347,10244,4,684,,112603,805,
501,8,Codell,1.027528,1.02823025,1.0468355,1.046839,53,355025,10725156,10231,359,1216,,128094,881,
502,8,Codell,1.027529,1.02823025,1.0468705,1.0468597,43,192653,12117210,10221,2,674,,102060,724,
503,24,Codell,1.030617,1.03114,1.0466567,1.0466566,33,109983,7885912,7618,0,719,321,83255,491,
504,24,Codell,1.030617,1.0300975,1.0466549,1.046652,33,106940,7586097,7569,179,963,341,99860,571,36
505,8,Codell,1.0272085,1.027869,1.0467182,1.0467261,47,237526,16982644,9625,358,923,532,156594,486,35
506,8,Codell,1.02719825,1.026492,1.0467182,1.0467251,45,186324,13640780,10291,181,466,359,32131,98,36.5
507,8,Codell,1.027881,1.0285865,1.0464128,1.0463985,54,202010,12208647,10286,3,892,,186844,847,
508,8,Codell,1.02788275,1.0285835,1.0464493,1.0464464,54,204085,11920298,10209,1,1386,,169213,832,
509,8,Codell,1.02788275,1.0285835,1.0464456,1.0464256,54,197014,12208647,10224,4,1090,,141446,828,
510,8,Codell,1.027573,1.0282325,1.0471058,1.0471052,51,342496,9960068,9608,0,886,,107758,1033,
511,8,Codell,1.02714775,1.026489,1.0462228,1.0462167,48,178701,10850710,9598,179,867,,191419,725,
512,8,Codell,1.02715825,1.0278645,1.0462209,1.04621,47,219351,14516807,10293,2,638,826,107151,293,36.5
513,8,Codell,1.0271525,1.026487,1.0466024,1.0465993,44,194123,13302469,9696,179,507,485,34288,80,36.5
514,8,Codell,1.02716275,1.0278675,1.0466023,1.0465945,45,206012,14084730,10269,2,687,498,54825,151,36
515,8,Codell,1.02717975,1.027868,1.0466442,1.0466437,40,179720,12354370,10027,0,628,618,55852,134,36
516,8,Codell,1.02717975,1.02786775,1.0466406,1.0466185,45,193436,14048830,10042,5,688,624,57155,128,36
517,13,Codell,1.0332555,1.033291,1.0461448,1.0463359,20,64273,3116608,5272,274,420,550,68564,968,40
518,13,Codell,1.0324505,1.0323665,1.0463424,1.0459736,40,130091,6204780,10204,95,1086,531,171000,924,40
519,13,Codell,1.032454,1.03247425,1.0463424,1.0467255,41,132358,6297964,10527,271,808,296,139385,923,40
520,8,Codell,1.03119075,1.03184,1.0460892,1.0461076,51,298014,12503840,9472,356,1089,,138911,942,
521,24,Codell,1.03117775,1.03168575,1.046668,1.0466686,33,111244,7714200,7401,360,608,432,86763,649,
522,8,Codell,1.02751725,1.02684325,1.0459423,1.0459595,55,206082,12496397,9831,184,1046,,201804,754,
523,13,Codell,1.0315415,1.03152675,1.0453973,1.0450343,50,131402,6050372,9979,91,165,630,38225,513,40
524,13,Codell,1.031543,1.03154175,1.0453973,1.0457773,50,129983,6031154,10444,270,314,341,67677,516,40
525,24,Codell,1.03005725,1.029381,1.0466241,1.046624,45,152020,9421983,9852,180,1145,639,111476,304,
526,24,Codell,1.0306165,1.03009925,1.0468615,1.0468636,33,104317,7548585,7536,181,702,732,81544,687,
527,8,Codell,1.03110525,1.03045225,1.0456227,1.0456303,43,320882,21388720,9516,182,602,726,155342,473,36.4
528,8,Codell,1.02971775,1.029013,1.0458318,1.0458271,55,201784,12571360,10268,179,1105,,109884,744,
529,24,Codell,1.031184,1.03168,1.0468685,1.0468677,35,107442,7833550,7226,0,630,344,78750,649,
530,13,Codell,1.03261775,1.03264725,1.0467256,1.047106,50,128988,5709631,10456,272,351,430,97293,767,40
531,8,Codell,1.027153,1.02648725,1.0466406,1.046625,45,182491,13612210,9708,177,424,603,28331,92,36.5
532,8,Codell,1.02715125,1.027861,1.0460305,1.0460209,45,184100,13698745,10343,2,1194,590,145080,316,35.2
533,8,Codell,1.027141,1.02649975,1.0460306,1.0460269,41,180169,12469370,9343,179,1333,573,151150,316,35.2
534,16,Codell,1.02555325,1.0255445,1.0467623,1.0469355,20,67530,5022950,4779,269,392,501,30508,776,
535,8,Codell,1.02605675,1.02539475,1.04589,1.0458938,45,195033,12286229,9646,181,1003,219,239034,758,36.2
536,8,Codell,1.02606725,1.02677225,1.0458918,1.0458869,47,203310,12700600,10272,1,721,418,223567,747,36.6
537,8,Codell,1.0260615,1.02670775,1.0456558,1.0456457,36,250538,17815080,9419,2,791,631,163492,472,34.2
538,8,Codell,1.0275185,1.02686125,1.0468687,1.0468673,47,200107,12078150,9575,180,752,,176352,676,
539,8,Codell,1.02714125,1.026489,1.0464209,1.046409,43,165100,11093890,9563,177,474,722,21814,68,34.2
540,8,Codell,1.029718,1.029014,1.0458701,1.0458786,45,206730,12677630,10259,182,960,,113937,744,
541,8,Codell,1.027518,1.0282215,1.0459037,1.0459278,53,198308,12175032,10271,355,823,,167142,793,
542,8,Codell,1.02751325,1.02822125,1.045877,1.0458781,55,207219,12562440,10315,360,1239,,147422,790,
543,8,Codell,1.02751775,1.028221,1.0458395,1.0458304,55,206078,10272721,10248,2,1219,,141146,739,
544,8,Codell,1.026058,1.025409,1.0456886,1.0457009,44,312918,21833980,9461,183,575,683,171896,527,36.1
545,8,Codell,1.02605125,1.02541225,1.0456558,1.0456489,43,322764,20914530,9311,178,937,648,147421,506,34.6
546,8,Codell,1.0260685,1.026772,1.0456904,1.0456951,43,311524,20966440,10250,359,1078,647,182471,478,34.2
547,8,Codell,1.026433,1.025742,1.0462206,1.0462009,37,198330,13460618,10081,176,1277,634,169314,300,35.8
548,8,Codell,1.0271515,1.0264895,1.0464928,1.0465107,45,178743,12477260,9712,184,452,754,22014,77,34.2
549,8,Codell,1.02714425,1.026489,1.0464483,1.0464341,40,147849,10113680,9608,177,457,650,18809,65,34.2
550,8,Codell,1.02717675,1.0278685,1.0466836,1.0466977,40,182266,12463714,10085,357,361,543,48545,148,36.5
551,8,Codell,1.02714975,1.0264885,1.0466837,1.0467003,46,189887,13850275,9644,184,522,571,22378,101,36
552,8,Codell,1.0260615,1.02677375,1.0456521,1.0455998,45,186324,9013586,10476,10,640,619,9898,20,35.8
553,13,Codell,1.032616,1.03256875,1.0467256,1.0471063,40,131192,5555958,10479,267,291,564,106501,840,40
554,13,Codell,1.03314425,1.0331085,1.0465303,1.0469152,40,143590,5122530,10582,268,327,446,79481,716,40
555,13,Codell,1.03314775,1.033197,1.0465303,1.0469138,50,125661,5704743,10554,273,457,230,80272,737,40
556,13,Codell,1.03314775,1.03298925,1.0465303,1.0463561,20,61322,2831668,5311,110,15,5000,29851,736,40
557,8,Codell,1.027153,1.02649125,1.0466443,1.0466525,43,177951,12978920,9643,182,550,527,35868,109,36
558,8,Codell,1.02714975,1.02648825,1.0466801,1.0466712,44,183860,13333715,9640,178,543,632,38739,105,36
559,8,Codell,1.0271515,1.026489,1.0464874,1.0464837,43,175050,12135551,9703,180,706,752,36323,73,34.2
560,13,Codell,1.0327715,1.032728,1.0463412,1.0459747,51,127898,5569048,10085,93,170,306,48918,390,40
561,13,Codell,1.03277475,1.0328335,1.0463412,1.0467214,51,123898,5447363,10476,274,182,478,57648,402,40
562,13,Codell,1.03277325,1.03273925,1.0463412,1.0467222,51,145356,5926709,10475,268,187,540,44768,384,40
563,13,Codell,1.03337925,1.03337875,1.0461445,1.0465069,50,131581,5913074,9949,270,84,655,42751,472,40
564,8,Codell,1.0271765,1.02786825,1.04668,1.0466735,45,194377,13769888,10079,1,796,603,63784,142,36.5
565,30,Codell,1.031873,1.03119625,1.047195,1.0471983,56,193715,13052294,9860,181,516,233,124946,587,36
566,30,Codell,1.031873,1.03258875,1.0471968,1.0471934,52,206366,10744766,10428,1,241,451,123842,662,36
567,13,Codell,1.03253475,1.032461,1.0463412,1.0459778,51,129154,5351348,10039,95,215,363,37569,432,40
568,13,Codell,1.03253825,1.03255325,1.0463412,1.0459789,51,128636,5720908,9953,89,219,388,37174,434,40
569,13,Codell,1.0337415,1.03376375,1.0465226,1.0469098,50,122996,6068543,10632,271,140,500,62433,580,40
570,13,Codell,1.0333755,1.03335425,1.0461445,1.0457915,60,129195,5759892,9696,91,117,453,45828,613,40
571,30,Codell,1.031919,1.03119375,1.0473955,1.0473997,55,205522,12785434,10567,181,561,421,103775,550,37
572,13,Codell,1.0311165,1.03115725,1.0454312,1.0450354,50,145104,6085883,10897,88,249,229,50261,501,40
573,13,Codell,1.031118,1.03116975,1.0454312,1.0457793,50,124887,6090476,9599,273,375,515,81000,508,40
574,13,Codell,1.03224575,1.03233875,1.0459577,1.0463428,51,127142,5751915,10666,276,127,953,37815,449,40
575,13,Codell,1.0322475,1.03226225,1.0459577,1.0456028,50,123367,5997984,9752,89,130,954,31089,424,40
576,13,Codell,1.03224425,1.03218625,1.0459578,1.0456028,50,122617,6093046,9789,94,320,672,29401,443,40
577,13,Codell,1.0322425,1.0318835,1.0459578,1.0459838,24,55142,2813022,5279,190,159,604,29467,447,40
578,13,Codell,1.03338175,1.03345025,1.0461445,1.0465273,40,114911,1696859,10556,274,207,411,58778,476,40
579,8,Codell,1.02750475,1.02822,1.0457414,1.0457148,57,355505,25680450,10446,5,1191,468,181042,501,35.1
580,8,Codell,1.02751175,1.0282205,1.0457668,1.0457643,52,349459,23376901,10326,1,743,579,169808,556,35.2
581,8,Codell,1.0274945,1.026842,1.0457396,1.0457205,42,269057,18339206,9521,176,1043,545,177234,551,34.3
582,8,Codell,1.0275015,1.02684225,1.0457668,1.0457719,46,324225,20531200,9605,181,1036,562,190726,563,37.4
583,24,Codell,1.03005725,1.02935375,1.0466204,1.0465703,52,308498,18542092,10341,170,944,540,38977,51,35.4
584,24,Codell,1.03005725,1.0293655,1.0466233,1.0465958,52,279223,18543855,10269,175,696,589,34597,60,35.4
585,13,Codell,1.03317575,1.03311675,1.0455812,1.0452192,50,122081,5766372,9976,94,120,483,41835,457,40
586,13,Codell,1.033174,1.03312425,1.0455812,1.0457733,23,50693,2711953,5324,264,73,849,18281,447,40
587,13,Codell,1.03258025,1.03261025,1.0448373,1.0452018,50,121909,6037152,10021,272,137,350,34469,496,40
588,13,Codell,1.03257875,1.0325255,1.0448373,1.0450505,30,70751,3629948,5907,264,120,417,46978,493,40
589,13,Codell,1.034007,1.03397725,1.0457726,1.0454091,51,118753,5671315,9985,92,117,410,28421,448,40
590,24,Codell,1.03005725,1.03078175,1.0466226,1.0466033,55,322829,19622283,10691,4,888,551,41540,60,35.2
591,24,Codell,1.03005725,1.03078075,1.0466212,1.0465768,55,327633,19462453,10742,9,1192,688,46612,53,35.2
592,24,Codell,1.03005725,1.03078175,1.0466248,1.046631,55,291926,19593654,10688,359,828,628,19856,34,35.2